A[C>A]A,A[C>A]C,A[C>A]G,A[C>A]T,A[C>G]A,A[C>G]C,A[C>G]G,A[C>G]T,A[C>T]A,A[C>T]C,A[C>T]G,A[C>T]T,A[T>A]A,A[T>A]C,A[T>A]G,A[T>A]T,A[T>C]A,A[T>C]C,A[T>C]G,A[T>C]T,A[T>G]A,A[T>G]C,A[T>G]G,A[T>G]T,C[C>A]A,C[C>A]C,C[C>A]G,C[C>A]T,C[C>G]A,C[C>G]C,C[C>G]G,C[C>G]T,C[C>T]A,C[C>T]C,C[C>T]G,C[C>T]T,C[T>A]A,C[T>A]C,C[T>A]G,C[T>A]T,C[T>C]A,C[T>C]C,C[T>C]G,C[T>C]T,C[T>G]A,C[T>G]C,C[T>G]G,C[T>G]T,G[C>A]A,G[C>A]C,G[C>A]G,G[C>A]T,G[C>G]A,G[C>G]C,G[C>G]G,G[C>G]T,G[C>T]A,G[C>T]C,G[C>T]G,G[C>T]T,G[T>A]A,G[T>A]C,G[T>A]G,G[T>A]T,G[T>C]A,G[T>C]C,G[T>C]G,G[T>C]T,G[T>G]A,G[T>G]C,G[T>G]G,G[T>G]T,T[C>A]A,T[C>A]C,T[C>A]G,T[C>A]T,T[C>G]A,T[C>G]C,T[C>G]G,T[C>G]T,T[C>T]A,T[C>T]C,T[C>T]G,T[C>T]T,T[T>A]A,T[T>A]C,T[T>A]G,T[T>A]T,T[T>C]A,T[T>C]C,T[T>C]G,T[T>C]T,T[T>G]A,T[T>G]C,T[T>G]G,T[T>G]T
0.000876022635356,0.0022201199666038,0.0001797267894069,0.0012650524935992,0.0018390546926016,0.0011879592113196,0.0001167714994412,0.0011266872072741,0.0247184825041428,0.0061540171082148,0.3706239575062596,0.0094681302675427,0.0007838116691834,0.0022013144183261,0.0011172802655863,0.0001794551341012,0.0010679429339569,0.0030008941641676,0.0001038876764618,0.0056288272759837,0.000168519969282,0.0002043374957751,0.0002626593714358,0.0001098308717711,0.0003050258878172,0.0017382590650798,9.193816690247364e-05,2.179834146906512e-16,2.355714183844636e-05,7.45668066779931e-05,0.000347295439013,2.179834146906512e-16,0.0019552965337031,0.0002621955339814,0.1933807012477383,0.0001916250165869,4.2257226687001525e-05,0.000387449064619,0.0003184649018223,0.0002572259757673,2.19147943051194e-16,0.0024646874320916,0.0003538505460759,4.2138031608590605e-05,3.4886780171826845e-05,0.0002090058380534,0.0001258137677198,0.0001691752945074,0.0015562692214789,0.000329319017514,0.0005827679564706,2.1850396341435191e-16,9.444289514505727e-06,0.0001593165490585,0.0001648027965145,2.1850396341435191e-16,0.0043733156401285,9.013391383619348e-05,0.2164284008772684,3.762579459691082e-05,7.933538505314567e-05,0.0001263461291101,0.0002429330290094,0.0002572677156447,0.0010260703286628,0.001860910255961,0.0011554119344959,7.108495433167536e-05,2.178791978676292e-16,2.1837336592368783e-16,0.0003436611172924,1.455596540312006e-05,6.505343126458801e-05,0.0024971803055819,2.238751477122962e-16,5.838169536987474e-06,2.2046983544077703e-16,0.0002003666149857,6.967235538669667e-05,0.0015491771514731,0.0010976006721831,3.68096039075306e-05,0.1104513018878411,2.2141357257622566e-16,0.0065253626595424,2.234190471658109e-16,2.773639479563182e-05,0.002221005021644,0.0002476139090023,0.003396974401693,0.0004121568831499,0.0042742019066754,2.1650258467140886e-16,5.5203540353525474e-05,0.0005776133933756,2.2008724667342644e-16
5.789891879521996e-07,0.0001455042624032,5.361705885868331e-05,9.758840599011804e-05,2.2261136019541473e-16,0.0001307576073395,1.558277810042039e-05,9.100268534047816e-05,6.099351617910241e-05,0.0013567315902746,3.352347657129913e-05,0.0018560297026129,9.486392055932736e-05,0.0008750740135037,2.5232385700193723e-05,2.207859993975225e-16,6.103340874359226e-05,2.142773985972043e-05,1.3061470244806162e-05,0.0001534650809444,0.0002354356323312,7.434927411791367e-05,2.02848590923126e-06,3.722669765626388e-06,0.0002053143107596,9.343617042881672e-05,2.2213786617628286e-16,0.0004155763915186,2.2011428179664635e-16,0.0003441451225836,4.851172234432723e-05,6.277887210004402e-05,0.0042642206800302,0.0001666801275314,0.0027593706741596,0.001431320774492,0.0002411510317104,0.0002428761154354,0.0001478685792914,2.227446661635455e-16,0.0002997024033704,2.8367912764434383e-05,2.213007246918701e-16,0.0001857920252455,0.0001518354304848,0.0001542856122855,0.0001200809488335,0.0002027735591892,8.572268297531521e-05,2.1871719178945215e-16,1.3932634034285108e-05,5.065965427400029e-05,6.503785924113242e-05,0.0002559952322626,2.235235532119122e-16,0.0001325897717057,2.217651775347482e-16,1.2652250107999698e-07,2.235235532119122e-16,4.986809717596904e-05,2.200156492849885e-16,0.000129543959239,6.3611006856615e-05,6.322452967722376e-05,2.200156492849885e-16,2.7094626752995743e-05,0.0001066860276908,1.258450033384231e-05,0.0002062089273294,0.000131521669221,3.699009959843913e-05,2.2450748595574683e-16,0.0006379625881114,0.0001694149811024,8.647445990938424e-05,0.0004411666645678,2.226316897941173e-16,9.835745204441403e-05,4.176726551309063e-05,0.0011831279163495,0.5351302185971102,0.096965116110932,0.0448098678643494,0.3007952710018776,0.0004137336337253,0.0001942530905729,5.01149740269654e-05,0.0002043122426775,2.1862553747466002e-16,4.400909054884661e-05,0.0001170379701811,3.5678849828076386e-05,1.6372405721196506e-05,7.122390746296094e-05,9.542851341661674e-05,2.2224534948773834e-16
0.020919748901364,0.0163431924792873,0.0018075484900654,0.0122650657574503,0.019813416186276,0.0115888090865728,0.0002613196609265,0.0174927988515174,0.0142817516054814,0.0122821565202873,0.0026545140682676,0.0121645324480439,0.0054714885570339,0.0072397545058181,0.009610497449143,0.0060947873582934,0.0164443645102319,0.0077920241904438,0.0122623561538239,0.0172569267308511,0.0039366814816898,0.0026107294182304,0.0062807189813112,0.0039601158668155,0.0223756965608661,0.0249915578618404,0.0025190806029569,0.0153153801105864,0.0191933748436517,0.0139281011907095,0.0015054266551535,0.022177467101682,0.0160110541205149,0.0199537337537885,0.0022481038050292,0.0228736206526989,0.0079385558963515,0.0178506160087385,0.0131978315104131,0.0127807649874798,0.0088283939137659,0.0145412316970457,0.0100983412463389,0.0159004797906221,0.0043692056467228,0.0070600187288432,0.0106982425877726,0.0070747068105418,0.0071437901697087,0.0107709806408535,0.0014441259650098,0.0099688017004368,0.0127245633545151,0.0085278492337946,0.0024439054792473,0.0146541375629496,0.0164317200253681,0.0132413885916144,0.0005332155390318,0.0112647456624084,0.0070178500034151,0.0074522064095451,0.0116525309402036,0.0124761835431607,0.0099204174430198,0.0056190435805166,0.0109493610908617,0.0103461037722516,0.0043936118467823,0.002331304902134,0.0109493610908617,0.0059135081874418,0.0084591899411046,0.0168674754209661,0.0014401527211376,0.0100712421035221,0.0133777918853584,0.0203815321730749,0.0005311201524762,0.0237386341267148,0.005793690454839,0.0133534176652426,0.0010101500830041,0.0082529630445,0.0064302475409106,0.0107026944836848,0.0067624330457715,0.0130533459365718,0.015013788090539,0.0091635443606648,0.0069841521289964,0.0139570389778219,0.0071611818649707,0.0064012304055822,0.0081129038254142,0.0105430874886548
0.0424507367285632,0.0329895817461875,0.0161159609206424,0.0296627702006324,0.0069309375919867,0.0028135256217026,0.0013223355199399,0.0035695871879482,0.0087516921453193,0.0041410345385484,0.0008088972682926,0.0042734496203212,0.0093899585011409,0.0035452178224412,0.0123643172756355,0.0042002885050131,0.0079246464739918,0.0007180827120194,0.0049856117242719,0.0015564017612394,0.001046651590377,0.0001596856469776,0.0014159135900845,0.0002155016441718,0.0802688810002227,0.0787427840741503,0.0245931489648062,0.0686334449709411,0.0077881701192385,0.006787489867603,0.0034129269262356,0.0067837695481183,0.012632153599344,0.0113618827489473,0.0033225842763827,0.0159150017323921,0.0144000219100794,0.012236935012054,0.0325006206920182,0.0118772196094673,0.0051800077495868,0.0023671447628549,0.0055001054556147,0.00257675312466,0.0008700015216673,0.0004423347261309,0.0037900718938808,0.0012078523980421,0.0316669242893953,0.0343943907938885,0.015453973809244,0.0211377349695098,0.0053012035686107,0.0056829814192755,0.0033332099580606,0.0030310716628845,0.0040986625331682,0.0044080168784165,0.0004868506874167,0.0037988100385113,0.0091666353863381,0.0035872810300031,0.0131617370815853,0.0056000946635879,0.0028832146551479,0.0011758310098152,0.0023811688818111,0.0007659546145395,0.0005945384437278,0.0002521061520635,0.0024414516255938,0.0002556564028747,0.0400401329151636,0.0470970039651198,0.0111351386097004,0.041727036924924,0.0036016000000404,0.005974992800522,0.0018694773386857,0.0034149483281292,0.0037625656385882,0.0070193616377266,0.00028706216811,0.0072946541931575,0.0087728218311531,0.0043940064931183,0.0096163102101225,0.0056440972026542,0.0023809122501172,0.0005128037822551,0.0017539186709151,0.0006387267491817,0.0003724500415032,0.0001773919071959,0.0023385572198041,0.0005704355447514
0.0120520477511521,0.0093370867658328,0.0019081396861477,0.0066358714827477,0.0101438068572197,0.0056378595937761,0.0017740541946887,0.0101395313125191,0.0327413973951681,0.0177048583101019,0.006374217978591,0.0220861088135625,0.0073447321328131,0.0069487754456015,0.0090792528278283,0.0061758322936183,0.0459792194076382,0.0134363056163385,0.038029328529077,0.0381507079354381,0.0038415536629618,0.0026070441787249,0.0079045249400172,0.0048111725771252,0.0073785208730965,0.0060565825103745,0.003467615766847,0.0064452271431041,0.006911777291622,0.0089467757930126,0.0024954807108234,0.0094642549574395,0.0192655871222166,0.0187418686897249,0.0175385200543738,0.0229406399772299,0.0035343596448634,0.0051974104826993,0.0050021053747506,0.00432123657399,0.0132788098338279,0.0104148495221721,0.0207672249097643,0.0149735882033843,0.0025858732994905,0.0046165823362705,0.0061203405084274,0.0073360527884017,0.0102053005328143,0.0075487776035807,0.0023597795019005,0.0067891244976099,0.0046824320091736,0.0050127830361032,0.0015227636956708,0.0066895772175863,0.0194100824062686,0.0213141965735465,0.0124039691766568,0.0185157950800626,0.0036429391000458,0.0028950944467443,0.0041227837005331,0.0032615119398787,0.013996034047497,0.0078993298649999,0.0150466568446727,0.013876620136181,0.0025014186736009,0.0017012410666435,0.0053164850639478,0.0023802959809673,0.0078948121912816,0.0091938325643948,0.002345869239359,0.0128108537635617,0.0078445907396831,0.0076197521798692,0.001744102782306,0.01260910704196,0.0203899103536143,0.0230597773366142,0.0162170970661512,0.0211833008394231,0.0062238988194316,0.0042139620054304,0.0048206148535554,0.0087735026074071,0.0177543874762145,0.0098834712736061,0.0127811719126791,0.0185496922299759,0.0051487720820021,0.0066771958346917,0.0069843563849007,0.0135362621686004
0.0004251456103511,0.0005162257106473,5.339159816673232e-05,0.0001799860929608,0.0004711611517517,0.0002847119879748,2.279410537118188e-16,0.0002539796760614,0.0641219795810062,0.0225602639107525,0.1232789628536694,0.0212983223537664,9.738773351594332e-05,0.000545301371008,2.2000846317905714e-16,0.0016469523938106,0.0021906919877008,0.0011285553077877,0.0042042685746151,0.0004980540869771,2.54614928927746e-05,0.0002037392589757,0.0001060985858535,0.0003829664328099,0.0018002014473267,0.0040183875790649,0.0016470549717141,0.0094958538763727,4.063062094803476e-05,3.652862695133609e-05,8.410340638347242e-05,1.4235973272967175e-05,0.0134520571612054,0.0145408660826173,0.121782249235255,0.0136502914919877,6.619311943273742e-05,0.0005495919583262,0.0001143620534589,0.0001791684204623,0.0016507629729283,0.0010273683689384,0.0052904915817742,0.0012711956314858,4.9197588767575096e-05,0.0007819968363435,0.000918875041996,0.0013012244340242,0.0004255225456563,0.000897336563016,0.000358585971392,0.0012195611043616,1.9322285646117893e-05,0.0006732482440782,2.228638776722803e-16,0.0003182758043596,0.0932761826093663,0.1090956581672314,0.1787906736052361,0.0737686139738165,5.039496689239218e-05,0.0004845601563253,0.0001948286050247,0.00025019810693,0.0025409043493483,0.0010999224773668,0.0024478462174894,0.0009140303435929,4.298394234939333e-05,0.0002110663416278,0.0002737588198656,0.0007939748586986,0.0003561543205622,0.0004973083490914,0.0002031776335789,0.000750523619027,4.969432398530532e-05,0.000112843113243,1.979892986252609e-06,0.0001286035240213,0.0120052107819745,0.0104854209671216,0.0528261055348151,0.00702296946061,0.0004460240591263,0.0001155756130074,2.955425923776265e-05,0.0004254457479081,0.0014539984304179,0.0011050606453863,0.0021350888510333,0.0017377343820616,0.0001031557485073,0.0002909650483012,0.000324774259362,0.0010086851408652
6.71258684854829e-05,0.0001767296021018,7.325781257787748e-05,0.0002485224090664,6.502192335384836e-05,2.131221892740084e-05,5.2268214592081126e-05,9.583937261559292e-05,0.0001223083417737,0.0174755242087139,2.2944511523689163e-16,0.0074356321289899,0.0019272534104149,0.0006706056971086,0.0005833251256796,0.0036888861838877,0.0004867802549312,0.0002272048331026,0.0001858289267822,0.0006114995026622,0.0004698919927898,0.0002472229285424,0.0002742719800011,0.0003072417370237,0.0004510335985969,0.0002363133330778,2.229437236765471e-16,0.0003687690129543,2.2091279826731567e-16,0.0001289875467051,7.758041684887916e-05,9.48071269220955e-05,0.0495641915660444,0.0544505058967087,0.0067126635633067,0.0561083476803006,0.0001763999016243,0.0002609016367906,0.0001116224691855,0.0003721611532377,0.0004494709132696,0.0002589026852488,0.0001036496490965,0.0018256959586249,8.395964038580306e-05,0.0001719358059773,2.221035452639617e-16,2.6565682564160134e-05,4.0521655294054425e-05,0.0001359292568419,4.275432107083024e-05,2.2144698844295032e-16,1.9562178417819374e-05,3.2680507836573004e-05,4.536987953633985e-05,4.170750454979332e-05,8.483597783237998e-05,0.0115244060502094,5.553031819081951e-06,0.0159982619127203,0.0003973262267945,0.0002224509783661,0.0002903779902976,0.0003093872316057,0.0001000751942312,7.353997411020235e-05,7.254746680283914e-05,0.0008199768513394,8.981081784944585e-05,0.0001201639207191,0.0003254239203643,0.0008442419023912,0.0003910218487334,0.0006365049923003,3.500015151721386e-05,0.0006172373407834,2.234393387560224e-16,5.090735749912346e-05,6.460783782974069e-06,0.0002829419560483,0.2386237882584288,0.3312628775045095,0.0754417399627434,0.1077396644486664,0.000350509983134,0.0003952371510566,2.2387587774429953e-16,0.0007987027581194,0.0021168449002884,0.0006055555096742,0.0003204607502561,0.0008127149994696,0.000126026006074,0.0001178594700847,2.2387587774429953e-16,8.301920423072806e-05
0.0023442804770015,0.0004567881535869,0.0001921876454952,0.0007140505667017,8.614734047140897e-06,0.0001872728451941,0.0005217998290854,0.0002866259954628,0.0014186423995487,0.0377518655478142,0.0005610639828268,0.010861612752184,0.0024825215504668,0.0004691006497959,0.0015558006449645,0.0082724159822304,0.0010169362623964,0.0004580512730954,0.0014959623504603,0.0021454402848458,8.416868816017428e-05,0.0009361917739575,0.0014660432032082,0.0007314454218259,0.0011341214301712,0.0015316697834234,0.0004096279996141,0.001482360204062,0.0004556377874224,0.0009486467919499,0.0007941556856109,0.0008854373732988,0.1064481985944701,0.1798476195735572,0.0221881540217055,0.1253539775651485,0.0011202104184623,0.000961079748565,0.0008831809898885,0.0001127534341176,0.0015302874377167,0.0008427003660359,0.0007301502569404,0.0057685712227264,0.0003590670044683,0.0007945454286472,0.0012902648098758,3.705748303590156e-06,0.0007477187392699,0.0002125333138381,7.366676648118498e-05,0.0001465952872249,5.1231260234529934e-05,0.0004468150458051,0.0003404546496837,0.0002762378665452,0.0008569706549309,0.0259983022733693,0.0001778046945052,0.0053751705066976,0.0005230525478816,0.0002551435223961,0.0006592141684064,5.673661494740497e-05,0.0002645097545894,2.2131519566426244e-16,0.000531592423486,0.0069506859760845,0.0003211904162872,0.0003199250721468,0.0024218087161136,0.0018568990752298,0.0029180406522747,0.0035354446522507,0.0003065288473566,0.0014248451109666,0.000255580027619,0.0016271076791472,0.000371921518228,0.0007215171781719,0.0066511196345242,0.2119257607383236,0.0586491742038688,0.1030738574705318,0.0032014903743444,0.0022840857261397,0.0017139174096515,2.2305216506009143e-16,0.0059286863542998,0.0017640480140441,0.0038411914184992,0.0029832895512758,0.000943648891382,0.0015805060120926,0.0013610518233227,0.0017779206749884
0.0443106400907521,0.0472995640611877,0.0047672751481929,0.0472045870932953,0.0043506818627215,0.0029191155260347,0.000295116595646,0.0057348548623932,0.0068425275958315,0.0027904762952295,0.0033329658544391,0.012554411514408,0.0194152973652466,0.021367046587253,0.0227080562333584,0.0249134374275195,0.0097275616171566,0.0050257703953646,0.0069518522584611,0.0148484086669385,0.0016328765628774,0.0006701026525027,0.0047507640803502,0.0007374376442104,0.0398395761716473,0.0382896007981806,0.0034189996726538,0.0327866702797389,0.0049675281959981,0.0053881752996645,1.0528137667408804e-05,0.0054545094562445,0.0026526599255149,0.003967118782693,0.0014939327082075,0.0144062639277953,0.0189780204242942,0.0292544775789696,0.0275685569078813,0.0420248049668493,0.0023872348074954,0.0070130595700659,0.0012585644567716,0.0064947426132063,0.0012185889932097,0.0019536378584909,0.0046946454337278,0.0005770872292054,0.0242231616407515,0.025864633860986,0.0027643684116821,0.0267899260209636,0.0025824695652712,0.0023594069584287,0.0004923398347643,0.0048401134141139,0.0002762643117589,0.0002418638374634,0.0019269871188012,0.0045911363046678,0.0127111739108298,0.0134367231411931,0.015655364139923,0.0284747070531585,0.0025819572161545,0.0026077193736542,0.0028199721220582,0.0063738757700275,0.0013009091172643,0.000652924698745,0.0039840897919103,0.0013072019604282,0.0299450718912862,0.0251762369201695,0.0019387390177478,0.0321925099400848,0.0014771566247491,0.0013440701531222,7.979765031945262e-05,0.0002512832900985,0.0050645352764392,0.0002527655874828,4.255194396830146e-05,0.0053183236896196,0.0113480392675943,0.0198570496372521,0.0129881255167097,0.0380184151173584,0.0020525150313728,0.0026883387050735,2.235256063217405e-16,0.0045842781585591,2.1907535543010543e-16,0.0011608737400354,0.0031111089316819,0.0009991121467277
0.0021852622073472,0.0017393717476676,0.0001537129892955,0.0169560740943175,2.225002955197279e-16,2.3877662276041396e-05,2.285016972835706e-16,2.22406513178171e-16,0.0010377503581365,0.0008195688224801,0.0057078627583157,0.0029822738686716,5.0127228143494815e-05,0.0001932664557304,2.2054959575962452e-16,0.0065910996410296,0.0007366408746772,0.0036063133140138,0.0021166490859125,0.0033252396279246,0.0018984565481756,0.0012353114897587,0.0003165084501478,0.0091246166789659,0.0031375270551787,0.0001979662543528,4.619755403992608e-05,0.0170694490346776,4.508611639965925e-05,2.1852959528295767e-16,2.001230250436453e-05,2.969656091132549e-05,3.6305669223358e-05,2.1852959528295767e-16,2.2202703773498958e-16,0.0001016273536994,2.2118642652816614e-16,2.2185573238328278e-16,2.2119031391500955e-16,0.0003754110561645,0.0001210167475976,4.09885927093778e-05,0.0010415603911053,2.4359902482028494e-06,0.0001537513468564,2.2185573238328278e-16,5.306583764328704e-05,0.0012979644908519,0.0012027929278824,0.0004323479441096,1.0519400677069198e-05,0.0109782286643165,1.4909497872261926e-05,8.146336598882595e-05,2.234120334272792e-16,3.5008926307513584e-05,4.194538734729689e-05,0.012254768438653,0.0149286906242204,0.0133518991388454,3.264073819088128e-06,2.204046443926911e-16,7.274744084732642e-05,0.0004286990023125,0.0021696436732981,0.0062073933822984,2.2222848368429853e-16,0.0053235169987375,0.0002011852822583,0.0008233694846681,2.2222848368429853e-16,0.0022240026742976,0.0938052166852134,0.0099312131269059,0.001175476034291,0.6714736919979657,5.538069117106746e-05,2.221151843562831e-16,2.2595760298503233e-16,5.461563057796448e-05,0.0003652411464497,0.0027492620693847,0.0028272230723232,0.0228501496527518,0.0019991394925878,0.0003640597644445,0.0006929152618721,0.0052698772642332,0.0007153787993577,0.0052283016047186,0.0003629553277044,0.0032376367578678,0.0026361208569214,2.2549725985513557e-16,2.159567603164788e-05,0.0188281065013113
0.0043426397711612,0.0146429168214269,0.0006765829965796,0.0131561203014439,0.0003485318285129,0.0003210246502794,4.365609581105344e-05,0.0005174212734002,0.0048796370924737,0.0051831365082516,0.0134057017989286,0.0061695110453557,0.0039938570841314,0.0136554287618729,0.0012224556555682,0.0713720361987636,0.0181037727505452,0.0090882498056008,0.0168378672457893,0.0127069377509636,0.0025028167616484,0.0009798052802041,0.0010323202238072,0.0129822466862095,0.0172819048139492,0.0095223763000978,0.0024056885330463,0.0444998506765927,0.0001092472652658,0.0002044050647529,0.0001803041348525,0.0002362108549312,0.0037285880877084,0.0065421102215351,0.0094758580305756,0.009752328600535,0.0006709292152742,0.0027906999215332,0.0008971993106938,0.0033638413284999,0.0119315340882086,0.0097801426406441,0.0145792226852348,0.0193102586468078,0.0107780528266627,0.0022962560391081,0.0068420372709159,0.030107994412888,0.0084073695312522,0.0073231715729153,0.0008981817541996,0.0119819793516965,0.0001698980576369,0.0003825439545995,3.3019463465799555e-05,0.0001537107221674,0.003609428088545,0.0088948601165697,0.0092859237804434,0.0103180538280979,0.001884989262683,0.0068421228392342,0.0019329001327799,0.0129575336975063,0.0126233395223134,0.0060280551542163,0.0127472160176222,0.0106875094612443,0.000351827206639,0.000616052509492,0.0006150790854894,0.0075567996956621,0.0603467584367598,0.0085503962890483,0.0027056342260537,0.1901192380441287,0.0002594419602201,0.0003960122882514,1.0588877041709618e-05,0.0003495663240178,0.0024098613651005,0.0090257527549389,0.0087474468882862,0.0128904540530969,0.0098095428841281,0.0025144738094363,0.0005684264831877,0.0048357847011596,0.0167375259674737,0.0170293155949379,0.0151853501701193,0.0199394173685496,0.0085965919646563,0.0009674722750336,0.0011134952446619,0.0251381718641932
0.0045423679370684,0.0011183612759921,0.0005573098173077,0.001225520810566,0.0012260375769575,0.0006353874727328,7.749715737340762e-05,0.001446516514759,0.0055372674470285,0.0020981648505664,0.0001217819843864,0.0023907699741346,0.0051484252158565,0.002718996326045,0.0031079512164797,0.0028107171071551,0.0732928710776356,0.0404337858613392,0.070227742014287,0.0635899964341363,0.0020016119203932,0.0006662042843739,0.0008048797531812,0.0012757869972448,0.005385723709201,0.0042244225979949,0.001173288787669,0.0010930762670975,0.0013315262498274,0.0008794302410963,0.0001734866687594,0.0015501806711036,0.0065483243197285,0.0002507014257795,4.100960422753589e-05,0.0033587257809667,0.0005454623587454,0.0056114100664603,0.0014086354093058,0.0015083262181621,0.0453552582591306,0.0498012640893589,0.0373637993871832,0.0461547700096517,0.0008921199135932,0.0011423223412975,0.0005924262924937,0.0003459092997303,0.0019822344631931,0.0004117332379452,0.0004510532424276,2.7388578459422265e-05,0.0005646367079211,0.000285349777917,9.625234997528204e-05,0.0005020236796264,0.0044850567358789,0.0017970111509775,7.526651266410944e-05,0.0026595305632406,0.0008204083550458,0.0018018249009332,0.0025193399390352,0.0009273604023904,0.0706187067657183,0.0302626979002073,0.0416544246431008,0.046925445683188,0.0004092110769173,0.0002120380673889,0.0004978456476651,0.000167229290501,0.0034975409232203,0.0028892424615927,0.0005153846719584,0.0023719552829491,0.0009738842675493,0.0015549743424865,0.000218400665596,0.0030784954121366,0.0055478232215158,0.0026484726744091,9.03080854152141e-05,0.0061771770507464,0.0037010818701778,0.0065692271805693,0.0027894013024357,0.005267306244736,0.0849768512259366,0.047155850207359,0.0402801643425284,0.05989679818761,0.0016087374906139,0.0011508878231713,0.0008811289064938,0.0022172854909066
0.0018168793248542,0.0007088422196972,0.0002706554702746,0.0003472571674631,0.0038633643883801,0.0009349640754635,0.0002706554702746,0.0039914581162731,0.0071676883701409,2.1826623757612222e-16,0.0003106394569908,0.0003173209122604,2.196174080142232e-16,6.498555406036302e-05,0.0005838245214189,0.0006000000217449,0.0018894180245265,0.0001415269748964,0.0004235200237661,0.0009495057054563,6.074103086519506e-05,2.2126983130982502e-16,8.164007738826477e-05,0.0003168319495391,0.001381921858043,0.0009490946370258,4.313571032635075e-06,2.1914960518663142e-16,0.0055375597268754,0.0006353441331053,0.0004861275009085,0.0063175480766026,1.9051623614924844e-05,0.0013236349996965,0.0019823618384972,0.0014313193781346,0.000207409788839,0.0003404245760974,0.0002242841173644,0.0005224158737414,4.704137494424722e-05,0.0001214383559542,2.203242358285799e-16,0.0001118748353745,4.108677052092478e-05,2.807132782416612e-06,2.203242358285799e-16,5.5440451478081175e-05,0.0009437713857327,0.0004423506455041,0.0001643898749706,6.0855341153056345e-05,0.0014917359774485,0.0004698138938155,0.0002415722108828,0.0026715801516691,0.0071404427991576,0.00090333675137,0.0001784227535673,0.0012566321197606,6.610812461489646e-06,0.000128554487797,4.6864153192069e-05,0.0003604299777116,0.0002831667516247,0.0001799766784864,0.0001944274062781,2.235168472668481e-16,8.65325750556182e-05,2.1954164262160462e-16,0.0004247497625725,2.909746345050411e-06,0.0788717348335818,0.0292987861358819,0.0122669442478838,0.03559407615651,0.3164853158004551,0.0632813930037492,0.0139903980937136,0.3699778547904924,0.0069187488303927,0.004464577419055,0.0012064189086908,0.0014237626050749,0.0002902017245847,0.0002347219620775,0.00018806175168,6.179464384298161e-05,2.166803985757033e-05,2.519322753450871e-05,9.983702932928377e-05,0.0005292183000615,0.00018039574613,2.2461431777754757e-16,3.671361699784283e-05,1.88373994940702e-05
0.00094602994016,0.0004905110245606,4.743508998811915e-05,0.0011119185161005,0.0001132428102849,0.000265488477802,3.158909463417046e-05,0.0003255620434796,0.0050608607079877,0.00681978818711,0.0766740022847405,0.0017830758806792,0.0020258307422605,0.0008414423156605,0.0005364171839839,0.0094821230531291,0.0038629818662534,0.0019610313422421,0.0002384070855751,0.0009233639311288,0.0004647491544468,0.0004152184423847,0.000183772811256,0.0036079778897052,0.0414200098123201,0.0049705454984527,6.618708085682575e-05,0.0284399512779523,8.282227227792265e-05,1.672894510001935e-05,5.019020330834824e-05,8.371641209242534e-05,0.0107018214612666,0.0109253581629769,0.0248004741629008,0.0154586496166563,0.0003466894908699,0.0002438161104633,8.167503522930959e-05,0.0010528883186875,0.000747174991483,0.0021483814634051,0.0013847882698687,0.0017548138644792,0.000205223843875,0.0001568822180949,0.0002709798382245,0.0024968488685814,0.0022862009164639,0.0024517030295927,0.0004065283275845,0.0180781592099481,0.00099235127495,0.0005986486279789,1.0161020049157596e-05,0.0004479811131202,0.0735777566375164,0.1270159693705383,0.2787332367767061,0.0766831809664854,0.0005061272760919,0.0005847070157357,0.0001871731675048,0.000848976771447,0.0127770021607477,0.0115154567345114,0.0059555121495003,0.0059226239561815,0.0002010639619328,0.0005757725389758,0.000347321107456,0.0014048545637711,0.017238564836512,0.0058124175802472,7.824609487730338e-05,0.0081025854472256,0.0002144799703665,6.121234880152715e-05,5.942226190942156e-05,0.0001751363420234,0.0265594182860983,0.009563977409035,0.021575717599582,0.0017513664391847,0.0010727854029929,0.0001594572739697,0.0001496259147336,0.0004752391196294,0.0033659881485434,0.0060126432058118,0.0013255445245472,0.0013506787081621,0.0002273513960558,0.000298600840298,0.0001486219295846,0.0059930131500388
0.0020727988070724,0.0009052935114673,4.894381747609728e-05,6.184967665689548e-05,0.0010113662544918,0.0005611242905665,0.0001563107182541,1.9615755056232227e-05,0.001221649712594,0.0016863309734365,4.061514265348409e-05,0.0007376854970236,0.0010021862978914,0.0009967300111019,0.0001985143939484,0.001449986108219,9.574130976126284e-05,0.0126965608084262,0.000373207060623,0.0077365729383029,0.000844415532922,0.0006998099738772,0.0007136603627485,0.0124142682571531,0.0002920851189954,0.0011408390162019,2.21799363810298e-16,0.0001356501993887,0.0005475364675034,0.0002311186643559,0.0002318192999348,3.861095905004111e-05,0.0008128887547922,0.001691589394726,0.0018985226265174,0.0017228605937964,0.0004320208356427,0.0404372862773276,0.0123436649771937,0.072441129204997,0.0110493771546628,0.1727321129480608,0.0869033820869071,0.426831546292995,0.0003085860267981,0.0010383891747041,1.9309422797744754e-06,0.0053203651067858,0.001775632044249,0.0012593097870612,0.0001065778961355,4.664227310241927e-05,0.0008758454858276,0.0008215022002869,2.3826286761169683e-05,0.0007811082237583,0.0016359752887424,2.1838390198084504e-16,0.0016187830557677,6.549766010126962e-05,6.392501172076936e-05,0.0033725306876411,0.0006950898886048,0.0048474307794333,0.0001217306384186,0.0147796227244087,0.0035704607011761,0.0052917790552706,0.0004898902179182,0.0002023520991253,0.0008351072690412,0.0073115423849114,0.0001902743137536,2.5886865671695943e-05,2.257258985277269e-16,0.0002896500056068,0.0037554144034488,0.000722724308317,0.0003864264697462,0.0002846219881783,0.0005327678782468,9.055405520678196e-05,0.0001799930180593,0.0003499942595766,0.0001170273354881,0.0057845880540503,0.0018362223945227,0.0019794176111401,0.0020553545888069,0.0155270525189236,0.0023579908684639,0.0209938256322597,2.1829238733248135e-16,0.0001177217935788,0.0009231280667624,0.0045786525753823
0.0006077684568566,0.0001269941720672,5.975116834183838e-05,0.000455634714613,0.000145944484679,4.272815210146575e-05,2.289434800726797e-16,0.0003187441470754,0.000570782991416,6.921173024730513e-05,0.0002946286991536,0.0001468822369524,6.201245344097203e-05,0.0002884216192234,6.51036926697584e-05,0.0006275711824973,9.638676868700604e-05,0.0002514961065706,2.20976004038906e-16,0.0005393344305297,0.0013966700342457,0.0044710371260439,0.0009809471642611,0.068507324960945,0.0002678578130802,4.035395171526724e-05,2.224563024851174e-16,0.0001798958993946,0.0001917512061214,4.575411557010835e-05,2.224563024851174e-16,0.0001907684569118,0.0004517022115405,5.7830845645480304e-05,0.0005416391989516,0.0001344276724541,9.301828063777e-05,0.002232661075571,0.0007125077072759,0.0077916995748186,0.0006429352005159,0.0064388351907548,0.0038954385278053,0.0183039923862314,0.0020371192278831,0.0312971267469514,0.0136141602877129,0.5501200014420032,0.0009938287523901,2.730517552508065e-06,9.274970123055855e-05,0.0005290851152447,5.965370613245229e-05,5.4512130994315685e-05,2.2384397591357753e-16,2.2096283955925271e-16,6.084877203159992e-05,0.0001541946834714,0.0008581766484821,2.2096283955925271e-16,9.613547318772408e-05,0.0003436007986222,0.0002406135697195,0.0015928522092501,5.878787928745718e-05,0.0014853067850547,0.0010083827617734,0.0014819569119436,0.0002776181026902,0.0061887774458344,0.0014776302943129,0.1149272754133947,1.2397266105987375e-05,2.225446195281656e-16,9.654759558899872e-05,0.0025802553101097,0.0001599537263734,6.167380038941987e-05,1.5735938292633864e-05,0.0015059853121722,0.0001079691902083,0.0006027256765274,6.334984190066795e-05,0.0008985716947831,0.0011682483597273,0.0002451659270759,2.2338641858723968e-16,0.0013073485671806,0.0010406246305886,0.0011143928802397,0.001212013566896,0.0009979757083536,1.1977825353237876e-05,0.0088644843530032,0.0047879543053888,0.1217530773389707
0.0516883216267173,0.0156171603213248,0.002504669234237,0.021469201535158,0.0017363257433508,0.0025600284962195,0.0019789972776375,0.0040931930577401,0.0092336413218151,0.0045961896538815,0.0125748806380085,0.0079957726322578,0.0024764213459875,0.0008797819356314,0.0025866290979385,0.0078041470796692,0.0020089843771152,0.0020942422415443,0.00206930307951,0.0042206107846775,0.0007170681821529,0.0008597414885473,0.0019797660752058,0.0018315859248343,0.0734374893936366,0.0193206146611909,0.0120182629754705,0.0360251471428934,0.000608340261299,0.0022277853227555,0.0035854489030693,0.0037613034454605,0.0116110622388367,0.0066636402170085,0.0168255685660044,0.0065996480232459,0.0005407693826644,0.0030622928222258,0.0032027695277494,0.0022696226611211,0.0003851240460724,0.0024618427589993,0.0016163511164004,0.0025708997479572,0.0001107480651835,0.0019914906261768,0.0029234002728475,0.0041576272105709,0.1089827417583187,0.0170595237382833,0.0076187363505849,0.0619759289067149,0.0006348989729793,0.0013213735229631,0.0006439645361833,0.0012236021438448,0.009678467141269,0.0080564336281899,0.0149149868794388,0.0066551997463057,0.0015871261678146,0.0019386970680644,0.0018344479238076,0.0035022313298651,0.0007023028236939,0.0022469003853204,0.0039896742671188,0.0031884474255104,0.0008629998289666,3.676136587043032e-05,0.0058441706543132,0.0021661198736069,0.0740766307457579,0.0436836930272414,0.0129444995698277,0.1229814910251355,0.0021480215935997,0.0046489061929842,0.0009163074851438,0.0032055834091181,0.0114427316193889,0.0114218830621975,0.0120271735023668,0.0037801683067192,0.0106454126939061,0.0027768891787549,0.0018002200444237,0.0071142465602115,0.001774235120638,0.0062861443210192,0.003278612452246,0.0033767624438313,0.0006860381447356,0.0021360688336208,0.0014582783689813,0.0051703533191168
0.0060795093556743,9.357926817112552e-05,0.000816155521553,0.0017384267435629,0.0016791989887803,0.0001913146441572,0.000246446621248,6.261710564901853e-05,0.0017803556876303,0.0002158423149861,0.0014509441820627,0.0006225989667072,0.0634709344415182,0.0070681044300255,0.060230713080609,0.0024975610271084,0.0248321341798219,0.0009064519257894,0.0077027723284127,0.0007512585575142,0.0023143548230585,5.129846602820878e-05,0.0029320232018103,4.158610974457419e-05,0.001809868126631,0.0043227194358448,0.0001369887914426,0.0001087964069236,0.0010384493488883,0.000765989578727,0.000240736770219,0.0003164982767726,0.0011966887667573,0.0031127482022996,0.0004290953550775,0.0015824933723923,0.1279557372931261,0.055414798194285,0.1679478079787824,0.0610704790728108,0.0067376694664546,0.001347656043705,0.002029369300179,0.0005428488414898,0.0049083020535337,0.000885027909454,0.0080275057635184,0.001205205138727,0.00223867470521,0.0016893178090362,0.0005252348712022,0.0005475773305448,0.0014054455361142,0.0009081305656297,0.0002151934083038,0.0004521730752816,0.0023892580124091,0.0018260257742172,2.2615803443774533e-16,0.0017490663857052,0.0530616582683478,0.0101245213432266,0.0378410835217222,0.0095890798163504,0.0007124296054141,0.0012308245499933,0.0005862847641353,0.0008580786723162,0.001571099270078,0.0002342534283544,0.0004540926808893,2.018016036935184e-05,0.0007932126643926,0.0017540368321611,2.317983058222739e-16,0.0004040903148269,0.0036018309543671,0.0015322621295044,0.0003974769107621,0.0003959272107601,0.0016086834036284,0.0013306482159401,3.931380957778654e-05,2.2621988258979937e-16,0.0700528178639888,0.0245203905035013,0.0743497922249174,0.0303480820494978,0.0045173339151958,2.3030700588792683e-16,0.0012391633548841,2.238609050571052e-16,0.0049368697333936,0.0007813277271078,0.0056574911075233,0.0005999040595489
0.0008768746630756,0.0005222960008523,0.0001175940667011,0.0006214855982308,0.0004288954526922,0.0003739166237461,7.044401838078752e-05,0.0007309224937175,0.0026718054166621,0.0025125617382763,0.0054980576524572,0.0028012016449052,0.0015128878615968,0.0035298919590378,0.000622269674097,0.0030583407111865,0.0844032415833355,0.0261733451924455,0.0781571303982519,0.0370587196632686,0.002906338386315,0.0025371097202241,0.0022799973043807,0.005907478353332,0.0014003719957312,0.0014896349917431,0.0003628333550563,0.0070914560764211,0.0003615141669986,0.0003176577543702,4.179034027397203e-05,0.0006207502389486,0.0016784591290122,0.0027918321413531,0.0033476878647129,0.0016387818622272,0.0009425911062313,0.0014522164277912,0.0011383180121142,0.0006452357870817,0.0519223686346835,0.0312476910319462,0.0785838894062436,0.0557797091308092,0.0014178801479682,0.0049475503874278,0.0055517965329089,0.0078393102768891,0.0004963076237306,0.0006572537783423,0.0001301030531275,0.0008133826527525,0.0003952446255801,0.0005713960627767,7.442124154813938e-05,0.0003036495181533,0.0027517061036017,0.005378427585982,0.0067371422211746,0.0049579530506702,0.0007773048553789,0.0011442241276659,0.0006099522794648,0.0008448370922986,0.0828926445582576,0.0246754514003693,0.0714286426315591,0.0559172568038539,0.0013600348525837,0.0012039226912969,0.0023575468794789,0.0061286116393239,0.00094224941117,0.0006317007282391,0.0001254660075247,0.0014123617984474,0.0013159343103636,0.0007470116640004,9.59733313938261e-05,0.0022295146374857,0.00330490420139,0.0025368305611055,0.0026827197885059,0.0021488080472643,0.0011146932954413,0.0012826388585657,0.0002798053790685,0.0013136507250164,0.0417270052934704,0.0319641823549834,0.0304967263064933,0.0575599654995229,0.0014106289575722,0.0017509037740528,0.0028584392126985,0.0094763355511363
0.001810502450477,0.0005012295325695,9.432638724226038e-05,0.0005590079056873,0.0010762427488787,0.0004625972794741,0.0001353185895052,0.0007349547995591,0.106618453047776,0.0895477634759596,0.0148746875396401,0.0294585273196665,0.0003618042263578,0.0003946519187687,0.000636096506934,0.0004888175117683,0.000608987004453,0.000459925717025,0.0002761736227449,0.0005436845493284,3.887838304261425e-05,0.0001104619602122,0.0004087763707332,0.0007920838619815,0.0007638160694523,0.0003832990479601,0.0004085041112941,0.0002953904567035,0.0012630811570654,0.000783392149291,0.0001204437020036,0.0010144732904017,0.1094006975014699,0.1017521053999234,0.0168620771217166,0.0459496727993163,0.0002139775024975,0.0007792692268363,0.0005869488387611,0.000615938910786,0.0012698670008401,0.0013840303838693,0.0012698893189559,0.0041263913779324,0.0001979793434437,0.0002156280929421,7.850706742378976e-05,0.0002667057731352,0.0009448968242426,0.0004881898672095,2.2425003991689034e-16,0.0008593766710145,0.000516036115488,0.0002529896772332,0.0001181646190064,0.0003977855419711,0.0497999530349161,0.060282596358578,0.0052921706345829,0.0176461341454275,0.0003270613033796,0.0001813379729544,9.907170361813114e-05,0.0001937506374784,0.0009294891697734,0.0005529807651255,0.0005033073644123,0.0004514087710772,0.0001868923154001,0.0003517150277005,0.0013863557649658,0.0001623046876339,0.0007001252281599,0.0002439948493047,8.438786500766378e-05,0.000671804458727,0.0001277521761691,0.0009900361887736,0.000108274943358,0.0001101156622025,0.0985807786172493,0.1345485326758142,0.0150155149159893,0.0530371928869021,0.0002785667331745,0.0002456709524104,0.000191499121937,0.0007039310674323,0.0005373774089042,0.0002915431515615,0.0002046020223873,0.000446860378231,0.0001165633077254,9.828591745568942e-05,0.0008194161600563,0.0089271659840673
0.003963390354683,0.0014328397892512,0.0010922816180276,0.0018554890390142,0.0344162738587564,0.0110674495079805,0.0055129283101248,0.0188557790681938,0.0062611528167815,0.0030237857177709,0.0065227732491678,0.005666763008807,0.0022371351863531,0.0016629269375654,0.0024765365594453,0.0027565994138672,0.0728808965385317,0.0384677157613728,0.0167091623886907,0.0477677924256099,0.0215759274112004,0.0106186920742922,0.0167091623886907,0.0245805102213077,0.0031946737361309,0.0008021832996101,0.0007479375963507,0.0017561308352737,0.0004385235684977,0.0003084562476493,0.000321403296836,0.0005764476691428,0.0035816061215239,0.0020695156451342,0.003274105824939,0.0060125168003163,0.0015660202110368,0.0011605601534799,0.0015959719653573,0.0020682214047623,0.0498732431487697,0.0218105328859768,0.0099249498181154,0.0506011340849164,0.0025934087394727,0.0023811498150455,0.0037605083138435,0.0041264019788472,0.0020391343336729,0.0006200919135215,0.0005097954814899,0.0012829481698869,0.0013194405096147,0.0009247154134931,0.0005813283177946,0.0012630576547456,0.0025489189164591,0.0022772849922276,0.0043524066867043,0.0023073186486093,0.0011404433642048,0.0007693090180083,0.0010823375842549,0.0017000536946522,0.0304448860565983,0.0180896954660507,0.0098512734232089,0.0404774574540645,0.011701943236211,0.0068184236450888,0.0098512734232089,0.017304113410658,0.0020069629889445,0.001592628804714,0.0011412587323748,0.0024589762900818,0.001796231554058,0.0011118351277101,0.0008763237604636,0.0025698318776741,0.0040339954472548,0.0025041328998576,0.0034951053136094,0.0058854177860799,0.0024142899731252,0.0011491026161727,0.001286965545884,0.0019533936328023,0.0470047423319093,0.0458624180097387,0.010054420212031,0.0615068461152842,0.0180332656100646,0.0198296486347368,0.0303643504476598,0.0291506386668212
0.0117479310625287,0.0070703579676878,0.0027532497655835,0.0074271835461458,0.0474937735900867,0.0222493766642984,0.0140240442749659,0.0435594288282364,0.0096393280513056,0.0039949989899763,0.0061870783566026,0.012847020187928,0.0052833578378335,0.0028871104601808,0.006907337228598,0.006094683888865,0.0111438062385014,0.0056539252358851,0.0095946298877627,0.0135437410901588,0.0038605324775395,0.0029773329752924,0.0076239490024409,0.0063934428835008,0.0100276184376346,0.0089347705531489,0.0057512557096968,0.0059869658362944,0.0285936050498888,0.0371789019152881,0.0123241198072777,0.039913105906208,0.0090447129662333,0.003806646287047,0.0075848443665724,0.0069401148088944,0.0049309470515216,0.0064476498448719,0.00678765801833,0.0083088519745734,0.0073265489549042,0.0079193959507091,0.0077558973711392,0.0086303557215043,0.0052902875366365,0.0073987788458401,0.0098121586763032,0.0049632076891287,0.0068819265474517,0.0068563970811947,0.0045671966190678,0.005861930228937,0.0240067184210294,0.0210131291114027,0.0099409621596827,0.0322455917837535,0.0080322479717177,0.00443939347424,0.0055249967093648,0.0085689668832668,0.0049222477691761,0.0035011312360154,0.0066891430852791,0.0041417355993107,0.0074131429155542,0.0068530660583746,0.0057564738451904,0.0076049953122891,0.0033046542142484,0.0057689087675073,0.0077421571316011,0.0060151361436088,0.006005047051498,0.0078785399515467,0.0030692929851574,0.0066055895067529,0.0348453374225355,0.0367865670156391,0.0098095025539004,0.0511302853488985,0.0038962504716821,0.0052924537830543,0.0049557362153393,0.0042658995635672,0.0065971328803644,0.0037550230380878,0.0054935807145987,0.0107261697105796,0.0058575435325972,0.0065534812055799,0.0050106279779413,0.0095031864758094,0.0082735342845146,0.0051695159840159,0.0073247746214715,0.0109266588640484
0.0365374518315833,0.0165825117804197,0.0038640933084704,0.0154885536545864,0.0082455106797974,0.0055567103173237,0.0015433813252106,0.0083887042556458,0.0287499881570229,0.020279441090829,0.0135732395316337,0.0225881983430975,0.0099556744708573,0.005514273739337,0.0092784552082663,0.0111344085456127,0.0168025091498272,0.0031273108284538,0.0081057149377273,0.0183883724313335,0.0053656698766899,0.0046643256848514,0.0052278556308706,0.011545047340361,0.0136547975001982,0.0106897311599297,0.0016220865549749,0.0066619183587764,0.0039953509032369,0.0043035510643422,0.0009315812925362,0.0063209118681139,0.0246241478589448,0.0287567133396746,0.0065544720776628,0.0286872609881033,0.0024535128426639,0.006646008210568,0.0057185517964723,0.009537001552757,0.0060919443927236,0.0049346770072006,0.0051325021326328,0.0068039796219578,0.0015241073259609,0.0026439464791882,0.0021418741123792,0.0043252706876243,0.0101485634820155,0.0108467136219112,0.0035660387479353,0.0063041131509647,0.0026632786745731,0.0030390388909642,0.0006500343715338,0.0031074039340596,0.0298096634473277,0.0250233064869002,0.0093492190442179,0.0230592399635111,0.003110389652909,0.0036961078880949,0.0045280914294443,0.0050047529628534,0.0047914202209193,0.0028963153428509,0.0033792165420852,0.0083526298874713,0.0010432544488331,0.0010207205975607,0.0017530322450717,0.0019779138619766,0.0276314017049772,0.0294450790665629,0.0055441199202101,0.0240286720915988,0.0082526139698721,0.0079101965383933,0.0009593560218176,0.0165293156947371,0.0424034451412906,0.0460106913146298,0.0072085899048393,0.0338697361527916,0.009380527738054,0.0092852173923913,0.0056642625616618,0.0182688634336749,0.0072531472604202,0.003119952302652,0.003726630897059,0.0079305304725838,0.0054845775858615,0.0065341040071762,0.0042130542517676,0.0149621544305573
0.0140587339831427,0.004665315367258,0.0011747067883266,0.0049691131071452,0.0074806175442485,0.0100957860891179,0.0016856857649386,0.0217633515555392,0.0168310703028714,0.0065380003105832,0.006452139820839,0.0132832134449546,0.0087151454626012,0.0066866201216668,0.0082759643969482,0.0117484604144803,0.0171752940041813,0.0046840521036318,0.0139595537796336,0.0191368168487549,0.0119115084155381,0.015139339703342,0.0132578901906965,0.0404248598117519,0.0085070678350601,0.0056978220334636,0.0009546761886607,0.0097833583098669,0.0069616759432097,0.0119137988749552,0.0010676850494247,0.0217000420392863,0.0121730905156435,0.0097480881716154,0.002908945066139,0.0104011481493376,0.0033502042029706,0.0087060530862634,0.0051525705670816,0.0094658184798534,0.0133364724108102,0.0055935576496828,0.0081933017983586,0.0111903053814704,0.0045060497116819,0.0104485018647828,0.0072306631463677,0.0185606488424017,0.0037104422831303,0.0040495797204349,0.0007895437119144,0.0052323947390428,0.0022920115810644,0.0035799239299554,0.0008276868257765,0.0069415950003554,0.0103385474148252,0.0060701765687637,0.0019907504671642,0.0079404846652624,0.0051638717898947,0.0048146958474077,0.0063048239355451,0.0063922480142011,0.0116429183511561,0.0032402561673828,0.0059862757286639,0.0068228602798403,0.0032901093674834,0.0030302546523204,0.0031172407138713,0.0078509191264067,0.0232842143560834,0.0127069366423172,0.0014964032884394,0.0169691419553481,0.0084522704930237,0.0172537125556969,0.0015896837392982,0.0260463731328563,0.0286880235190346,0.012826987968787,0.002365008430825,0.0120506058496595,0.0129947094772358,0.017667202190796,0.0099396435488723,0.0411748920726012,0.0181716681427329,0.0057530455664134,0.0063428925745456,0.0123821982808247,0.0147584677586312,0.0250470931139099,0.0139340177992705,0.0490204120103501
0.0037758550931518,0.0062176569795833,0.0020835700633759,0.0082116889778586,0.0089362051244185,0.0042770280548804,0.0031452845241797,0.0072266125671709,0.0249384951650836,0.0204856705411997,0.0079822507719118,0.0232926359304088,0.0094234865172811,0.005007294587502,0.0090689762401839,0.0238006031846918,0.0249518930919013,0.0111430818129927,0.0293741740274186,0.0224666710678222,0.0044422828291051,0.003067460737725,0.00706476217507,0.009175863225798,0.008435140310258,0.0115453059564697,0.0031582466749294,0.017621345649743,0.007074114954199,0.0082106656162596,0.002659348117188,0.0104026640047149,0.0220702583071994,0.0237306118740127,0.0080741129507334,0.0352831277736127,0.0052024628090956,0.0138375530020994,0.0119473843306585,0.0128236889902169,0.0256865177139641,0.0160875310174381,0.0268510826318127,0.0245306350606779,0.003062929619144,0.0037965088378633,0.005651440696139,0.0095406241044205,0.0038635659887639,0.0060546242284724,0.0012728545098807,0.0069136047699447,0.0044119425866615,0.006412502951258,0.0016842014646645,0.0052570526635396,0.0153300994196794,0.0183681430938537,0.0056800819103671,0.0225181548273468,0.0037861550423351,0.0036418573764862,0.0056418760420085,0.0062070944703811,0.0059672238148622,0.0043070218484406,0.0079486217951092,0.0070464762576464,0.0014455479005152,0.0007948975774012,0.0029810333713924,0.0018042050959025,0.0114366935930285,0.0077760695750909,0.0019046586604844,0.0131298268303629,0.0061937834458869,0.0101329085059676,0.0024914081996044,0.0112024268693347,0.0206541311282893,0.0200157129953521,0.0067602643415841,0.0271704332582201,0.0093421277382508,0.0108963951628796,0.0076933250759926,0.0189830167578906,0.0144804262814511,0.0068924486769172,0.0098562660930466,0.011785624990715,0.0041165870168672,0.0043902768081465,0.0057600904807825,0.0107534542133726
0.0021199245742609,0.0012071402536925,6.334691076306438e-05,0.0013356928991155,0.0053550706044437,0.0031266900622253,0.0012484819793225,0.0083053980994999,0.0099264727564907,0.0033245825396399,0.0035390846066333,0.0063771798997768,0.0074270580877499,0.0043132231108929,0.0030175632226045,0.0693539915650899,0.0143364130004205,0.005807804545425,0.0080069987815756,0.0176374370290793,0.0074967495698232,0.0016450429624194,0.0026889170033733,0.0075831015184938,0.0023643723131845,0.0009068450905872,0.0002616700059859,0.0026326787029243,0.0020663426654767,0.0011841288300793,0.0004120552743059,0.00499712197734,0.0068646272449747,0.0018255313708069,0.0101259236898266,0.0076794732823092,0.0036155511530649,0.003195720058126,0.0031162202583362,0.0090578010305803,0.0102873410385725,0.0052594143252435,0.0055632516093925,0.0079117533394789,0.0034657352547783,0.0024143218220202,0.0030363165089912,0.0105557065447042,0.0030927336042192,0.000713693546492,0.0002219403981498,0.0019418805291264,0.002041804874761,0.0026553747634047,0.0001573757352829,0.0035451759744836,0.0060153173860043,0.008528788206452,0.0172508344194424,0.00837498019308,0.0023136629987386,0.0022791016077486,0.0014349711929989,0.0045799416594027,0.0060175107834865,0.00372220090945,0.0035222024752629,0.0039415866587236,0.0017873795880996,0.0009454787155767,0.0012041717006553,0.0035160173337166,0.0033258728218239,0.0017250998112942,0.0002112052962257,0.0059536693421066,0.0199954300921848,0.0142420996648169,0.0019692086477719,0.0450057078421447,0.0117561073264304,0.0064891822514336,0.0050199513620451,0.0116046101963623,0.0795292030447023,0.0145607829665973,0.0093527871313481,0.0536632726827803,0.0627550521677388,0.0272887399984331,0.0206385508417765,0.0462406890665345,0.0413433439213331,0.015782666923105,0.0195311161755674,0.0881682561967791
7.723216785541521e-18,0.0001485929053575,9.46000393759352e-07,0.0058115478164375,0.0031987049857748,0.0002308142865789,3.242839777734023e-05,0.0033079562594274,0.0904287951911728,0.0167414689875656,0.0147720894499844,0.0304653795731252,0.0047644735166153,0.0026110540464176,1.0765555266122757e-06,0.0307271289578603,0.0192373107797679,0.0032537748262133,0.0271201213158322,0.0002663686234754,2.3915983711818515e-08,3.2730304862426977e-05,7.446175725734905e-06,0.0014166404737353,2.823945065900697e-05,0.0299343169996255,0.0037539962392145,0.0862343090897564,5.329699138460471e-05,2.4593255501045624e-05,7.706789515373447e-18,8.591414664141649e-05,0.0035507171590158,0.0028254835680011,0.0155580090830084,0.005012928373125,1.2396142801857095e-05,0.0032596456525037,0.0005819761429564,1.3885965493279574e-05,0.0145991573093129,0.0032094979211836,0.0337986433659658,0.0077599947195477,0.0002339861925854,0.0025375090965265,0.0034698603155017,0.0003864896875414,7.693859559015628e-18,0.0046152952069749,0.0006110519933889,0.0112661442562056,0.0002194503132422,0.0011760597904551,7.75486415704351e-18,0.0018444573601554,0.0956965888501171,0.0804464819238688,0.0500961912222234,0.0664004589850899,0.0011532177039805,0.0023515227775773,0.0022202835608823,0.0032259504368511,0.0268421351166223,0.0011558332971926,0.0173805015682354,0.0112603926324419,7.633161911180128e-18,1.822964639877911e-05,0.0001034791790964,0.0028404588088814,0.0008580955617457,0.0022291924618061,3.21694714902707e-07,0.0167706488340988,0.0006770198745691,9.436534148102005e-06,7.843223525246954e-18,0.0026166249328228,0.0014083636621541,0.002259317091244,7.843223525246954e-18,0.0030510453781584,0.006875588382301,2.1096870038941743e-05,5.058573283580545e-06,0.0139587713225264,0.0196586500777679,0.0107040229072493,0.0192516410895725,0.0372568660252924,7.58493375760394e-18,7.827244536187085e-18,0.000924279938256,0.0090380539449015
0.0061078672637434,0.0008705205666525,0.0003156919663805,0.0027284675668099,0.0072677805854051,0.0025240522904841,0.0004355536275819,0.0130733706829947,0.0013810238390772,0.0014626208099021,0.000457815300994,0.0045823738393979,0.1113467407045496,0.0130892664272132,0.0210172130210404,0.0700286229354211,0.0294316927028695,0.0204699351282342,0.005049307268913,0.0590151510652846,0.0237291146169024,0.0034449246395088,0.0044663657633528,0.0031668478143294,0.004235548735267,0.0003021357727307,0.0001576350950122,0.0008550855653953,0.0012157113050257,0.0002073655675437,4.029665337310298e-05,0.00048084191206,0.0016259866175488,0.0003644286145635,2.415794393760651e-05,0.0023345651394515,0.0098825555449652,0.001137869736887,0.0001783377492361,0.010605414497663,0.0071740419713508,0.0062191924026965,0.0008387984810781,0.0170001171210564,0.0037312780639544,0.0024822116622033,0.0011187604762574,0.0017659047344588,0.0014407432476172,0.0004976965855939,0.0003654193818826,0.0007596469947989,0.0015970771240389,0.0049944174313446,2.7032014846002115e-05,0.0031723230168243,0.0008876739196651,0.000478053940321,0.0001174319140459,0.004149080853928,0.0171155897373381,0.0010001634172844,0.0035318311186621,0.0118111958703908,0.0214358538358876,0.0115490276607454,0.0064841040418561,0.0547974228305303,0.0076444002973544,0.0007961313100767,0.0019529643539854,0.0029662536595478,0.0019533947768728,0.0001699027839836,4.0703983775939294e-09,0.0020758718045473,0.000952386783856,0.0018746435883857,0.0001734224343347,0.0062999226229124,0.0038413246726056,0.0030065225619139,0.0001611418690041,0.0389961637019883,0.0593707741048083,0.0079357613735175,0.0067778100300236,0.0629797272544312,0.0127892516956426,0.0237459595585033,0.0038487530628131,0.0943261355854346,0.0070108639950127,0.0065201928533572,0.0034324905994565,0.0127454818668682
0.0113955959909753,0.0096529942263576,0.0048514557123036,0.0078000609855951,0.0030737312116135,0.0016739518512419,0.0009372213695895,0.004138235598857,0.023905358943808,0.0139648263802949,0.0101085000926947,0.0165413086317855,0.0100389766925294,0.0036032837951592,0.0069909032488901,0.0091592092380266,0.0888953582392274,0.0046569190642308,0.0399928444518887,0.0294959919171016,0.0020628680118566,0.0003604840332617,0.0012346917032355,0.0035327027453481,0.018449534663653,0.0137866291959122,0.0053016196757001,0.012475306268504,0.0023964947629929,0.0039142691814347,0.001606947729754,0.0053369979330301,0.0364084014979957,0.0343406273566413,0.0108641032529142,0.0450785144248488,0.007045276161642,0.0039434274498455,0.0102440038965729,0.0064902772604015,0.0307617778096279,0.0040225489388796,0.0141217666813625,0.0137585296923483,0.0009283151651549,0.0004200088373393,0.0020903657114333,0.0005487067523273,0.0089574101531707,0.0077329987032271,0.0045001629904986,0.006536227209971,0.0023535658279966,0.0021359304321653,0.000902276751072,0.001522852239473,0.0128517985065325,0.0133521929650936,0.0059980896508801,0.0167950907861977,0.0055908894592088,0.0019179809638305,0.0060238988977975,0.0041772114460189,0.0290375794859062,0.0026760226464017,0.0093025848458715,0.0128556376792779,0.0005472529567066,0.0002931632548145,0.0015514839836585,0.0002024773618819,0.0149367800763483,0.0128844819503261,0.0024445692821294,0.0133213658602704,0.019566699561829,0.0041042882652481,0.00030480888269,0.0232248279381462,0.0172061908543118,0.0174407389578259,0.0036769614429468,0.0248346246862129,0.008078692394218,0.002902343975602,0.0068048327546802,0.006069531666495,0.0341161318225953,0.0044345783678467,0.0130375371001425,0.0143468339116031,0.0021815724392635,0.0003064101801773,0.0017566177861035,0.0018018762091425
0.0116277048321214,0.0080110279055001,0.0018166204778094,0.0084568909697519,0.0088984882093157,0.0053610071787733,0.0016834606689899,0.0139612452078289,0.0089830935930693,0.0050177696010193,0.0181987335149345,0.0065369064799395,0.0103675836348163,0.0058066871965886,0.0052956375360993,0.0132294742677518,0.0342924155462638,0.0033018767289759,0.006266997287982,0.0106389563730128,0.025371280358727,0.0024003899926586,0.0051176455417021,0.0079348798996226,0.0064558382829555,0.0047323195680806,0.0015121384322071,0.0099964213887664,0.0033558902356996,0.0031659822726014,0.0007776284842189,0.0060123089694994,0.0086443127294456,0.00393869996175,0.0072638702452297,0.0068607327226616,0.0106200253296374,0.0085326722822607,0.007495175966907,0.0247189436849858,0.0295226014881583,0.0083711195576222,0.0023752429478842,0.0149371986863629,0.009309267863464,0.0063781343875844,0.0025493783168031,0.0384231964862247,0.0022441972674765,0.0016783696424535,0.0002982921434076,0.0030876806167392,0.0035352578204664,0.0046047135944844,0.0009191507562906,0.0056501316517958,0.006119675964599,0.0050661038748086,0.0090935971463916,0.0044931604973797,0.0057380478206529,0.0043522425356609,0.0044538676797786,0.0052655647345494,0.0113209406451725,0.0027975915331306,0.0002079962687932,0.0059568890218378,0.0037135794731517,0.0026913631521219,0.0008690024403135,0.0062294815947095,0.009938121229754,0.0040494057173761,0.0001782486607502,0.0088284212325343,0.0128721772110801,0.0070832680592367,0.0007143934999713,0.02596123402593,0.0086052896579841,0.0078499319064475,0.0098767576901809,0.0105472384345296,0.0203893476245188,0.0105599759211222,0.0103863990660132,0.0310814538701509,0.0930893661935481,0.013531950771316,0.0110296887719049,0.014123110978963,0.0529606566348237,0.0135181709289912,0.012791135668489,0.0551214850739498
